client_id,entity_type,entity_year_established
1,Other Partnership,2006
2,Australian Private Company,2001
3,Australian Private Company,2002
4,Australian Private Company,2007
5,Australian Private Company,2007
6,Australian Private Company,2014
7,Australian Private Company,2015
8,Individual/Sole Trader,1999
9,Individual/Sole Trader,2004
10,Australian Private Company,2000
11,Australian Private Company,1999
12,Australian Private Company,2000
13,Australian Private Company,2002
14,Australian Private Company,2002
15,Australian Private Company,2005
16,Australian Private Company,2009
17,Individual/Sole Trader,2012
18,Australian Private Company,2012
19,Individual/Sole Trader,2000
20,Individual/Sole Trader,2010
21,Individual/Sole Trader,1999
22,Individual/Sole Trader,2010
23,Family Partnership,2000
24,Individual/Sole Trader,2016
25,Australian Private Company,2016
26,Australian Private Company,2011
27,Individual/Sole Trader,2000
28,Family Partnership,2003
29,Australian Private Company,1999
30,Australian Private Company,2001
31,Australian Private Company,2004
32,Australian Private Company,2004
33,Australian Private Company,2005
34,Australian Private Company,2014
35,Family Partnership,2016
36,Individual/Sole Trader,2015
37,Individual/Sole Trader,2015
38,Australian Private Company,2014
39,Australian Private Company,2015
40,Family Partnership,2003
41,Australian Private Company,2002
42,Australian Public Company,2005
43,Australian Private Company,2014
44,Individual/Sole Trader,2015
45,Individual/Sole Trader,2006
46,Australian Private Company,2014
47,Australian Private Company,2015
48,Australian Private Company,2017
49,Individual/Sole Trader,2000
50,Australian Private Company,2010
51,Australian Private Company,2017
52,Australian Private Company,2013
53,Individual/Sole Trader,2014
54,Australian Private Company,2015
55,Australian Private Company,2016
56,Australian Private Company,2000
57,Australian Private Company,2000
58,Australian Private Company,2000
59,Australian Private Company,2001
60,Australian Private Company,2002
61,Australian Private Company,2006
62,Individual/Sole Trader,2012
63,Australian Private Company,2013
64,Individual/Sole Trader,2004
65,Australian Private Company,2016
66,Australian Private Company,2000
67,Individual/Sole Trader,2017
68,Australian Private Company,2002
69,Australian Private Company,2005
70,Australian Private Company,2006
71,Individual/Sole Trader,2006
72,Individual/Sole Trader,2004
73,Individual/Sole Trader,2010
74,Individual/Sole Trader,2010
75,Other Partnership,2012
76,Individual/Sole Trader,2000
77,Individual/Sole Trader,2011
78,Individual/Sole Trader,2009
79,Individual/Sole Trader,2008
80,Australian Private Company,2000
81,Australian Private Company,2006
82,Australian Private Company,2013
83,Australian Private Company,2013
84,Individual/Sole Trader,2006
85,Individual/Sole Trader,2000
86,Australian Private Company,2015
87,Australian Private Company,2015
88,Australian Private Company,2016
89,Individual/Sole Trader,2014
90,Individual/Sole Trader,2015
91,Individual/Sole Trader,2004
92,Australian Private Company,2000
93,Australian Private Company,2000
94,Australian Private Company,2000
95,Australian Private Company,2002
96,Australian Private Company,2004
97,Australian Private Company,2006
98,Australian Private Company,2011
99,Australian Private Company,2011
100,Australian Private Company,2011
101,Australian Private Company,2013
102,Australian Private Company,2013
103,Australian Private Company,2014
104,Family Partnership,2002
105,Individual/Sole Trader,2008
106,Australian Private Company,2014
107,Individual/Sole Trader,2004
108,Australian Private Company,2016
109,Individual/Sole Trader,2005
110,Individual/Sole Trader,2015
111,Individual/Sole Trader,2001
112,Individual/Sole Trader,2008
113,Australian Private Company,2006
114,Australian Private Company,2010
115,Family Partnership,2008
116,Australian Private Company,2010
117,Australian Private Company,2015
118,Individual/Sole Trader,2000
119,Australian Private Company,2001
120,Australian Private Company,2008
121,Australian Private Company,2011
122,Australian Private Company,2012
123,Australian Private Company,2014
124,Individual/Sole Trader,2011
125,Individual/Sole Trader,2018
126,Individual/Sole Trader,2007
127,Australian Private Company,2015
128,Individual/Sole Trader,2008
129,Individual/Sole Trader,2014
130,Individual/Sole Trader,2007
131,Individual/Sole Trader,2013
132,Individual/Sole Trader,2011
133,Australian Private Company,2000
134,Australian Private Company,2006
135,Australian Private Company,2007
136,Australian Private Company,2012
137,Australian Private Company,2013
138,Individual/Sole Trader,2015
139,Australian Private Company,2015
140,Australian Private Company,2015
141,Australian Private Company,2016
142,Individual/Sole Trader,2000
143,Individual/Sole Trader,2008
144,Australian Private Company,2000
145,Individual/Sole Trader,2016
146,Australian Private Company,2004
147,Australian Private Company,2005
148,Australian Private Company,2015
149,Australian Private Company,2011
150,Individual/Sole Trader,2000
151,Australian Private Company,2012
152,Individual/Sole Trader,2015
153,Australian Private Company,2015
154,Australian Private Company,2016
155,Discretionary Trading Trust,2011
156,Individual/Sole Trader,2014
157,Individual/Sole Trader,2003
158,Family Partnership,2011
159,Australian Private Company,2000
160,Family Partnership,2010
161,Individual/Sole Trader,2013
162,Individual/Sole Trader,2008
163,Individual/Sole Trader,1999
164,Individual/Sole Trader,2008
165,Australian Private Company,2015
166,Australian Private Company,2000
167,Australian Private Company,2011
168,Australian Private Company,2013
169,Australian Private Company,2013
170,Individual/Sole Trader,2014
171,Australian Private Company,2015
172,Australian Private Company,2016
173,Individual/Sole Trader,2009
174,Individual/Sole Trader,2015
175,Individual/Sole Trader,2001
176,Individual/Sole Trader,2000
177,Individual/Sole Trader,2009
178,Individual/Sole Trader,2014
179,Individual/Sole Trader,2007
180,Australian Private Company,2000
181,Individual/Sole Trader,2017
182,Individual/Sole Trader,2008
183,Australian Private Company,2003
184,Australian Private Company,2001
185,Australian Private Company,2004
186,Australian Private Company,2011
187,Australian Private Company,2012
188,Australian Private Company,2012
189,Individual/Sole Trader,2014
190,Australian Private Company,2015
191,Individual/Sole Trader,2003
192,Australian Private Company,2000
193,Australian Private Company,2007
194,Australian Private Company,2010
195,Individual/Sole Trader,2012
196,Individual/Sole Trader,2011
197,Individual/Sole Trader,2009
198,Australian Private Company,2014
199,Individual/Sole Trader,2000
200,Individual/Sole Trader,2011
201,Australian Private Company,2009
202,Australian Private Company,2012
203,Australian Private Company,2012
204,Individual/Sole Trader,2000
205,Individual/Sole Trader,2000
206,Australian Private Company,2015
207,Australian Private Company,2016
208,Australian Private Company,2016
209,Individual/Sole Trader,2014
210,Australian Private Company,2000
211,Australian Private Company,2008
212,Australian Private Company,2008
213,Australian Private Company,2013
214,Australian Private Company,2014
215,Family Partnership,2005
216,Australian Private Company,2016
217,Australian Private Company,2016
218,Other Partnership,2000
219,Other Partnership,2016
220,Individual/Sole Trader,2003
221,Australian Private Company,2006
222,Australian Private Company,2004
223,Australian Private Company,2000
224,Australian Private Company,2003
225,Individual/Sole Trader,2000
226,Australian Private Company,2014
227,Individual/Sole Trader,2005
228,Australian Private Company,2014
229,Australian Private Company,2014
230,Australian Private Company,2008
231,Individual/Sole Trader,2016
232,Australian Private Company,2012
233,Individual/Sole Trader,2005
234,Individual/Sole Trader,2000
235,Australian Private Company,2015
236,Australian Private Company,2016
237,Individual/Sole Trader,2003
238,Individual/Sole Trader,2017
239,Australian Private Company,2000
240,Australian Private Company,1999
241,Australian Private Company,2001
242,Australian Private Company,2004
243,Australian Private Company,2006
244,Australian Private Company,2008
245,Australian Public Company,2009
246,Australian Private Company,2012
247,Individual/Sole Trader,2015
248,Australian Private Company,2015
249,Australian Private Company,2015
250,Individual/Sole Trader,2015
251,Family Partnership,2016
252,Australian Private Company,2000
253,Family Partnership,2010
254,Australian Private Company,2000
255,Australian Private Company,2000
256,Australian Private Company,2005
257,Australian Private Company,2008
258,Australian Private Company,2012
259,Australian Private Company,2014
260,Individual/Sole Trader,2008
261,Individual/Sole Trader,2015
262,Individual/Sole Trader,2002
263,Australian Private Company,2003
264,Australian Private Company,2007
265,Australian Private Company,2012
266,Australian Private Company,2014
267,Individual/Sole Trader,2000
268,Australian Private Company,2016
269,Australian Private Company,2016
270,Individual/Sole Trader,2007
271,Individual/Sole Trader,2007
272,Australian Private Company,2005
273,Australian Private Company,2005
274,Discretionary Investment Trust,2008
275,Australian Private Company,2011
276,Australian Private Company,2011
277,Australian Private Company,2013
278,Australian Private Company,2014
279,Individual/Sole Trader,2016
280,Australian Private Company,2014
281,Individual/Sole Trader,2015
282,Individual/Sole Trader,2001
283,Australian Private Company,2000
284,Individual/Sole Trader,2010
285,Australian Private Company,2012
286,Australian Private Company,2012
287,Individual/Sole Trader,2001
288,Australian Private Company,2015
289,Individual/Sole Trader,2004
290,Individual/Sole Trader,2015
291,Individual/Sole Trader,2014
292,Individual/Sole Trader,2014
293,Individual/Sole Trader,2004
294,Australian Private Company,2015
295,Australian Private Company,2014
296,Individual/Sole Trader,2016
297,Australian Private Company,2014
298,Australian Private Company,2015
299,Individual/Sole Trader,2002
300,Other Partnership,2001
301,Individual/Sole Trader,2004
302,Australian Private Company,2000
303,Australian Private Company,2000
304,Australian Private Company,2005
305,Individual/Sole Trader,2016
306,Australian Private Company,2007
307,Australian Private Company,2011
308,Australian Private Company,2012
309,Individual/Sole Trader,2009
310,Individual/Sole Trader,2015
311,Individual/Sole Trader,2000
312,Individual/Sole Trader,2009
313,Individual/Sole Trader,2006
314,Individual/Sole Trader,1999
315,Australian Private Company,2014
316,Australian Private Company,2015
317,Australian Private Company,2016
318,Individual/Sole Trader,2000
319,Individual/Sole Trader,2012
320,Individual/Sole Trader,2015
321,Individual/Sole Trader,2012
322,Australian Private Company,2005
323,Australian Private Company,2006
324,Australian Private Company,2009
325,Australian Private Company,2011
326,Australian Private Company,2013
327,Individual/Sole Trader,2013
328,Individual/Sole Trader,2011
329,Individual/Sole Trader,2015
330,Individual/Sole Trader,2014
331,Individual/Sole Trader,2007
332,Individual/Sole Trader,2013
333,Individual/Sole Trader,2008
334,Individual/Sole Trader,2000
335,Australian Private Company,2000
336,Individual/Sole Trader,2007
337,Australian Private Company,2001
338,Australian Private Company,2007
339,Australian Private Company,2007
340,Australian Private Company,2014
341,Individual/Sole Trader,2000
342,Individual/Sole Trader,2009
343,Individual/Sole Trader,2011
344,Individual/Sole Trader,2014
345,Individual/Sole Trader,2016
346,Australian Private Company,2000
347,Australian Private Company,2007
348,Australian Private Company,2011
349,Australian Private Company,2011
350,Australian Private Company,2011
351,Australian Private Company,2013
352,Individual/Sole Trader,2010
353,Individual/Sole Trader,2011
354,Individual/Sole Trader,2013
355,Individual/Sole Trader,2011
356,Australian Private Company,2003
357,Australian Private Company,2007
358,Australian Private Company,2009
359,Australian Private Company,2009
360,Australian Private Company,2010
361,Individual/Sole Trader,2012
362,Individual/Sole Trader,2017
363,Individual/Sole Trader,2002
364,Individual/Sole Trader,2014
365,Australian Private Company,2016
366,Australian Private Company,2017
367,Individual/Sole Trader,2012
368,Individual/Sole Trader,2016
369,Individual/Sole Trader,2001
370,Australian Private Company,2013
371,Australian Private Company,2007
372,Australian Private Company,2009
373,Australian Private Company,2009
374,Australian Private Company,2010
375,Australian Private Company,2012
376,Australian Private Company,2013
377,Australian Private Company,2014
378,Australian Private Company,2013
379,Individual/Sole Trader,2008
380,Individual/Sole Trader,2016
381,Individual/Sole Trader,2006
382,Family Partnership,2014
383,Australian Private Company,2014
384,Individual/Sole Trader,2012
385,Australian Private Company,2000
386,Australian Private Company,2003
387,Australian Private Company,2008
388,Australian Private Company,2011
389,Australian Private Company,2012
390,Australian Private Company,2013
391,Australian Private Company,2014
392,Individual/Sole Trader,2003
393,Individual/Sole Trader,2015
394,Individual/Sole Trader,2014
395,Australian Private Company,2015
396,Australian Private Company,2016
397,Individual/Sole Trader,2001
398,Individual/Sole Trader,2015
399,Individual/Sole Trader,2014
400,Australian Private Company,2000
401,Australian Private Company,2003
402,Australian Private Company,2003
403,Australian Private Company,2006
404,Australian Private Company,2006
405,Australian Private Company,2008
406,Australian Private Company,2010
407,Australian Private Company,2010
408,Australian Private Company,2012
409,Individual/Sole Trader,2008
410,Individual/Sole Trader,2000
411,Individual/Sole Trader,2014
412,Individual/Sole Trader,2014
413,Australian Private Company,2014
414,Australian Private Company,2015
415,Individual/Sole Trader,2013
416,Australian Private Company,2000
417,Australian Private Company,2004
418,Australian Private Company,2006
419,Australian Private Company,2007
420,Individual/Sole Trader,2007
421,Individual/Sole Trader,1999
422,Individual/Sole Trader,2013
423,Individual/Sole Trader,2016
424,Australian Private Company,2016
425,Individual/Sole Trader,2001
426,Discretionary Trading Trust,2005
427,Individual/Sole Trader,2014
428,Australian Private Company,2016
429,Australian Private Company,2003
430,Australian Private Company,2005
431,Australian Private Company,2006
432,Individual/Sole Trader,2013
433,Individual/Sole Trader,2015
434,Individual/Sole Trader,2000
435,Fixed Unit Trust,2001
436,Australian Private Company,2014
437,Australian Private Company,2015
438,Individual/Sole Trader,2009
439,Individual/Sole Trader,2012
440,Individual/Sole Trader,1999
441,Australian Private Company,1999
442,Individual/Sole Trader,2012
443,Australian Private Company,2000
444,Australian Private Company,2004
445,Australian Private Company,2009
446,Australian Private Company,2011
447,Australian Private Company,2013
448,Individual/Sole Trader,2003
449,Individual/Sole Trader,2012
450,Individual/Sole Trader,2014
451,Discretionary Trading Trust,2008
452,Individual/Sole Trader,2009
453,Australian Private Company,2000
454,Australian Private Company,2003
455,Individual/Sole Trader,2001
456,Australian Private Company,2010
457,Australian Private Company,2010
458,Australian Private Company,2011
459,Australian Private Company,2012
460,Australian Private Company,2012
461,Australian Private Company,2013
462,Individual/Sole Trader,1999
463,Individual/Sole Trader,2015
464,Other Partnership,2000
465,Family Partnership,2009
466,Australian Private Company,2008
467,Australian Private Company,2006
468,Australian Private Company,2010
469,Australian Private Company,2011
470,Individual/Sole Trader,2015
471,Discretionary Trading Trust,2017
472,Individual/Sole Trader,2003
473,Australian Private Company,2016
474,Australian Private Company,2017
475,Individual/Sole Trader,2012
476,Family Partnership,2002
477,Individual/Sole Trader,2002
478,Australian Private Company,2002
479,Australian Private Company,2003
480,Australian Private Company,2005
481,Australian Private Company,2006
482,Australian Private Company,2007
483,Individual/Sole Trader,2014
484,Individual/Sole Trader,2014
485,Australian Private Company,2012
486,Individual/Sole Trader,2000
487,Individual/Sole Trader,2016
488,Individual/Sole Trader,2009
489,Australian Private Company,2014
490,Australian Private Company,2015
491,Australian Private Company,2007
492,Australian Private Company,2007
493,Individual/Sole Trader,2007
494,Australian Private Company,2006
495,Australian Private Company,2008
496,Australian Private Company,2009
497,Australian Private Company,2009
498,Australian Private Company,2010
499,Australian Private Company,2010
500,Australian Private Company,2010
501,Australian Private Company,2014
502,Individual/Sole Trader,2006
503,Individual/Sole Trader,2014
504,Family Partnership,2000
505,Australian Private Company,2015
506,Australian Private Company,2016
507,Australian Private Company,2016
508,Individual/Sole Trader,2000
509,Australian Private Company,2000
510,Australian Private Company,2000
511,Individual/Sole Trader,2005
512,Australian Private Company,2000
513,Australian Private Company,2000
514,Australian Private Company,2007
515,Australian Private Company,2010
516,Australian Private Company,2010
517,Australian Private Company,2013
518,Australian Private Company,2015
519,Individual/Sole Trader,2000
520,Australian Public Company,2000
521,Australian Private Company,2000
522,Australian Private Company,1999
523,Australian Private Company,2007
524,Australian Private Company,2008
525,Australian Private Company,2012
526,Australian Private Company,2012
527,Individual/Sole Trader,2003
528,Individual/Sole Trader,2012
529,Family Partnership,2012
530,Australian Private Company,2015
531,Individual/Sole Trader,2013
532,Individual/Sole Trader,2012
533,Individual/Sole Trader,2013
534,Family Partnership,2006
535,Australian Private Company,2005
536,Australian Private Company,2010
537,Individual/Sole Trader,2008
538,Individual/Sole Trader,2007
539,Individual/Sole Trader,2012
540,Australian Private Company,2015
541,Australian Private Company,2015
542,Individual/Sole Trader,2016
543,Individual/Sole Trader,2011
544,Individual/Sole Trader,2000
545,Australian Private Company,2000
546,Australian Private Company,2000
547,Individual/Sole Trader,2012
548,Australian Private Company,2008
549,Australian Private Company,2010
550,Australian Private Company,2013
551,Individual/Sole Trader,2013
552,Individual/Sole Trader,2003
553,Australian Private Company,2014
554,Individual/Sole Trader,2005
555,Individual/Sole Trader,2013
556,Australian Private Company,2015
557,Australian Private Company,1999
558,Individual/Sole Trader,2001
559,Australian Private Company,2007
560,Australian Private Company,2008
561,Australian Private Company,2008
562,Australian Private Company,2010
563,Australian Private Company,2010
564,Australian Private Company,2011
565,Individual/Sole Trader,2005
566,Individual/Sole Trader,2010
567,Australian Private Company,2015
568,Australian Private Company,2015
569,Australian Private Company,2015
570,Family Partnership,2000
571,Individual/Sole Trader,2013
572,Individual/Sole Trader,2006
573,Individual/Sole Trader,2004
574,Australian Private Company,2000
575,Australian Private Company,2000
576,Australian Private Company,2005
577,Australian Private Company,2007
578,Individual/Sole Trader,2016
579,Individual/Sole Trader,2002
580,Individual/Sole Trader,2000
581,Australian Private Company,2016
582,Hybrid Trust,2007
583,Individual/Sole Trader,1999
584,Australian Private Company,2011
585,Individual/Sole Trader,1999
586,Individual/Sole Trader,2011
587,Individual/Sole Trader,2013
588,Individual/Sole Trader,2001
589,Individual/Sole Trader,2000
590,Australian Private Company,2014
591,Australian Private Company,2015
592,Australian Private Company,2015
593,Australian Private Company,2016
594,Australian Private Company,2017
595,Individual/Sole Trader,2013
596,Australian Private Company,2000
597,Australian Private Company,2000
598,Australian Private Company,2002
599,Australian Private Company,2006
600,Australian Proprietary Company,2009
601,Individual/Sole Trader,2005
602,Individual/Sole Trader,2008
603,Individual/Sole Trader,2004
604,Individual/Sole Trader,2015
605,Individual/Sole Trader,2016
606,Australian Private Company,2014
607,Australian Private Company,2015
608,Individual/Sole Trader,2013
609,Individual/Sole Trader,2009
610,Individual/Sole Trader,2000
611,Individual/Sole Trader,2003
612,Australian Private Company,1999
613,Australian Private Company,2005
614,Australian Private Company,2007
615,Australian Private Company,2011
616,Australian Private Company,2013
617,Individual/Sole Trader,2008
618,Australian Private Company,2014
619,Individual/Sole Trader,2002
620,Australian Private Company,2000
621,Individual/Sole Trader,2016
622,Australian Private Company,2000
623,Australian Private Company,1999
624,Australian Private Company,2005
625,Australian Private Company,2008
626,Family Partnership,1999
627,Australian Public Company,2012
628,Australian Private Company,2012
629,Australian Private Company,2013
630,Individual/Sole Trader,2009
631,Family Partnership,2000
632,Australian Private Company,2015
633,Australian Private Company,2015
634,Australian Private Company,2015
635,Australian Private Company,2015
636,Australian Private Company,2016
637,Australian Private Company,2017
638,Individual/Sole Trader,2014
639,Family Partnership,2000
640,Australian Private Company,2000
641,Australian Private Company,2000
642,Australian Private Company,2000
643,Australian Private Company,2007
644,Australian Private Company,2008
645,Individual/Sole Trader,2005
646,Individual/Sole Trader,2010
647,Individual/Sole Trader,2000
648,Australian Private Company,2014
649,Australian Private Company,2016
650,Individual/Sole Trader,2006
651,Individual/Sole Trader,2016
652,Individual/Sole Trader,2014
653,Individual/Sole Trader,2015
654,Individual/Sole Trader,2000
655,Australian Private Company,2003
656,Australian Private Company,2004
657,Australian Private Company,2006
658,Australian Private Company,2010
659,Australian Private Company,2012
660,Australian Private Company,2013
661,Individual/Sole Trader,2015
662,Individual/Sole Trader,2005
663,Individual/Sole Trader,2013
664,Australian Private Company,2014
665,Australian Private Company,2015
666,Australian Private Company,2014
667,Individual/Sole Trader,2006
668,Individual/Sole Trader,2013
669,Australian Private Company,2000
670,Australian Private Company,2007
671,Australian Private Company,2009
672,Australian Private Company,2014
673,Australian Private Company,2014
674,Australian Private Company,2015
675,Australian Private Company,2015
676,Australian Private Company,2015
677,Australian Private Company,2000
678,Individual/Sole Trader,2000
679,Individual/Sole Trader,2010
680,Australian Private Company,2015
681,Australian Private Company,2011
682,Australian Private Company,2014
683,Individual/Sole Trader,2011
684,Individual/Sole Trader,2016
685,Individual/Sole Trader,2014
686,Individual/Sole Trader,2014
687,Individual/Sole Trader,2003
688,Australian Private Company,2016
689,Australian Private Company,2016
690,Individual/Sole Trader,2011
691,Australian Private Company,2003
692,Australian Private Company,2012
693,Australian Private Company,2012
694,Australian Private Company,2013
695,Individual/Sole Trader,2010
696,Individual/Sole Trader,2011
697,Individual/Sole Trader,2015
698,Discretionary Trading Trust,2006
699,Australian Private Company,2014
700,Australian Private Company,2015
701,Australian Private Company,2000
702,Australian Private Company,2000
703,Australian Private Company,1999
704,Australian Private Company,2000
705,Australian Private Company,2008
706,Australian Private Company,2009
707,Australian Private Company,2012
708,Australian Private Company,2012
709,Australian Private Company,2012
710,Australian Private Company,2012
711,Australian Private Company,2012
712,Australian Private Company,2013
713,Australian Private Company,2013
714,Australian Public Company,2013
715,Individual/Sole Trader,2012
716,Individual/Sole Trader,2016
717,Individual/Sole Trader,2017
718,Individual/Sole Trader,2012
719,Individual/Sole Trader,2013
720,Individual/Sole Trader,2013
721,Individual/Sole Trader,2015
722,Australian Private Company,2014
723,Australian Private Company,2014
724,Australian Private Company,2015
725,Australian Private Company,2016
726,Individual/Sole Trader,2000
727,Australian Private Company,2000
728,Australian Private Company,2003
729,Australian Private Company,2011
730,Australian Private Company,2005
731,Australian Private Company,2006
732,Australian Private Company,2006
733,Australian Private Company,2006
734,Australian Private Company,2007
735,Australian Private Company,2012
736,Australian Private Company,2013
737,Australian Private Company,2013
738,Individual/Sole Trader,2016
739,Individual/Sole Trader,2017
740,Australian Private Company,2016
741,Individual/Sole Trader,2013
742,Individual/Sole Trader,2014
743,Australian Private Company,2000
744,Individual/Sole Trader,2013
745,Australian Private Company,2003
746,Australian Private Company,2003
747,Australian Private Company,2005
748,Australian Private Company,2013
749,Australian Private Company,2010
750,Australian Private Company,2011
751,Individual/Sole Trader,2014
752,Australian Private Company,2011
753,Australian Private Company,2012
754,Australian Private Company,2012
755,Australian Private Company,2013
756,Australian Private Company,2013
757,Australian Private Company,2015
758,Australian Private Company,2016
759,Australian Private Company,2016
760,Australian Private Company,2002
761,Australian Private Company,2003
762,Individual/Sole Trader,2000
763,Family Partnership,2000
764,Australian Private Company,2013
765,Australian Private Company,2014
766,Australian Private Company,2014
767,Australian Private Company,2014
768,Australian Private Company,2015
769,Individual/Sole Trader,1999
770,Individual/Sole Trader,2011
771,Individual/Sole Trader,2000
772,Individual/Sole Trader,2000
773,Australian Private Company,2000
774,Individual/Sole Trader,2003
775,Australian Private Company,2000
776,Australian Private Company,2006
777,Australian Private Company,2010
778,Australian Private Company,2012
779,Australian Private Company,2014
780,Individual/Sole Trader,2014
781,Individual/Sole Trader,2012
782,Australian Private Company,2015
783,Australian Private Company,2015
784,Australian Private Company,2000
785,Australian Private Company,2000
786,Australian Private Company,2002
787,Australian Private Company,2006
788,Australian Private Company,2006
789,Australian Private Company,2009
790,Australian Private Company,2013
791,Family Partnership,2011
792,Family Partnership,2014
793,Individual/Sole Trader,2013
794,Individual/Sole Trader,2014
795,Australian Private Company,2015
796,Australian Private Company,2017
797,Discretionary Investment Trust,2016
798,Australian Private Company,2000
799,Australian Private Company,2000
800,Australian Private Company,2005
801,Individual/Sole Trader,2000
802,Australian Private Company,2012
803,Australian Private Company,2013
804,Australian Private Company,2013
805,Australian Private Company,2014
806,Individual/Sole Trader,2014
807,Australian Private Company,2015
808,Australian Private Company,2015
809,Individual/Sole Trader,2000
810,Individual/Sole Trader,2000
811,Australian Private Company,2001
812,Individual/Sole Trader,2009
813,Australian Private Company,2000
814,Australian Private Company,2003
815,Australian Private Company,2012
816,Individual/Sole Trader,2017
817,Individual/Sole Trader,2014
818,Australian Private Company,2016
819,Australian Private Company,2017
820,Family Partnership,2000
821,Australian Private Company,2017
822,Individual/Sole Trader,2009
823,Australian Private Company,2000
824,Australian Private Company,2000
825,Individual/Sole Trader,2014
826,Australian Private Company,2000
827,Australian Private Company,1999
828,Australian Private Company,2010
829,Australian Private Company,2012
830,Australian Private Company,2012
831,Australian Private Company,2013
832,Australian Private Company,2014
833,Individual/Sole Trader,2015
834,Family Partnership,2008
835,Individual/Sole Trader,2016
836,Individual/Sole Trader,2013
837,Individual/Sole Trader,2013
838,Australian Private Company,2016
839,Individual/Sole Trader,2008
840,Individual/Sole Trader,2009
841,Individual/Sole Trader,2005
842,Australian Private Company,2000
843,Australian Private Company,2003
844,Australian Private Company,2004
845,Australian Private Company,2008
846,Australian Private Company,2009
847,Australian Private Company,2012
848,Australian Private Company,2013
849,Australian Private Company,2014
850,Australian Private Company,2014
851,Individual/Sole Trader,2016
852,Individual/Sole Trader,2014
853,Individual/Sole Trader,1999
854,Individual/Sole Trader,2016
855,Family Partnership,2000
856,Individual/Sole Trader,2003
857,Australian Private Company,2005
858,Australian Private Company,2010
859,Australian Private Company,2011
860,Australian Private Company,2013
861,Individual/Sole Trader,2015
862,Other Partnership,2002
863,Individual/Sole Trader,2007
864,Individual/Sole Trader,2001
865,Australian Private Company,2014
866,Family Partnership,2000
867,Australian Private Company,2000
868,Australian Private Company,2004
869,Australian Private Company,2007
870,Australian Private Company,2007
871,Australian Private Company,2007
872,Australian Private Company,2007
873,Australian Private Company,2014
874,Australian Private Company,2012
875,Individual/Sole Trader,2016
876,Individual/Sole Trader,2006
877,Individual/Sole Trader,2017
878,Australian Private Company,2014
879,Australian Private Company,2016
880,Individual/Sole Trader,2014
881,Individual/Sole Trader,1999
882,Australian Private Company,2005
883,Family Partnership,2000
884,Australian Private Company,2006
885,Australian Private Company,2007
886,Australian Private Company,2010
887,Australian Private Company,2010
888,Australian Private Company,2012
889,Individual/Sole Trader,2009
890,Individual/Sole Trader,2014
891,Australian Private Company,2014
892,Australian Private Company,2015
893,Australian Private Company,2016
894,Australian Private Company,2016
895,Family Partnership,1999
896,Individual/Sole Trader,2015
897,Other Partnership,2009
898,Australian Private Company,2000
899,Australian Private Company,2010
900,Australian Private Company,2007
901,Australian Private Company,2010
902,Individual/Sole Trader,2015
903,Australian Private Company,2015
904,Australian Private Company,2016
905,Individual/Sole Trader,2005
906,Individual/Sole Trader,2010
907,Australian Private Company,2000
908,Australian Private Company,2000
909,Australian Private Company,2000
910,Australian Private Company,2002
911,Australian Private Company,2004
912,Australian Private Company,2005
913,Australian Private Company,2008
914,Australian Private Company,2014
915,Australian Private Company,2014
916,Individual/Sole Trader,2017
917,Individual/Sole Trader,2001
918,Individual/Sole Trader,2011
919,Discretionary Trading Trust,2007
920,Australian Private Company,2014
921,Individual/Sole Trader,2014
922,Individual/Sole Trader,2008
923,Individual/Sole Trader,2011
924,Individual/Sole Trader,2016
925,Australian Private Company,2000
926,Individual/Sole Trader,2013
927,Individual/Sole Trader,1999
928,Australian Private Company,2007
929,Australian Private Company,2009
930,Australian Private Company,2011
931,Australian Private Company,2012
932,Individual/Sole Trader,2012
933,Individual/Sole Trader,2009
934,Individual/Sole Trader,2017
935,Individual/Sole Trader,2000
936,Individual/Sole Trader,2002
937,Individual/Sole Trader,2005
938,Individual/Sole Trader,2016
939,Australian Private Company,2014
940,Australian Private Company,2015
941,Australian Private Company,2016
942,Australian Private Company,2016
943,Individual/Sole Trader,2016
944,Individual/Sole Trader,2003
945,Individual/Sole Trader,2009
946,Individual/Sole Trader,2011
947,Australian Private Company,2000
948,Australian Private Company,2001
949,Australian Private Company,2001
950,Australian Private Company,2006
951,Australian Private Company,2006
952,Individual/Sole Trader,2012
953,Individual/Sole Trader,2014
954,Australian Private Company,2016
955,Australian Private Company,2017
956,Individual/Sole Trader,2012
957,Individual/Sole Trader,2011
958,Australian Private Company,2000
959,Australian Private Company,2000
960,Australian Private Company,2001
961,Australian Private Company,2007
962,Australian Private Company,2007
963,Australian Private Company,2009
964,Australian Private Company,2012
965,Australian Public Company,2013
966,Individual/Sole Trader,2016
967,Individual/Sole Trader,2008
968,Australian Private Company,2014
969,Australian Private Company,2014
970,Australian Private Company,2016
971,Australian Private Company,2016
972,Individual/Sole Trader,2012
973,Individual/Sole Trader,2015
974,Individual/Sole Trader,2011
975,Australian Private Company,2000
976,Australian Private Company,2006
977,Australian Private Company,2008
978,Australian Private Company,2009
979,Australian Private Company,2013
980,Australian Private Company,2013
981,Individual/Sole Trader,2009
982,Individual/Sole Trader,2014
983,Australian Private Company,2016
984,Individual/Sole Trader,2014
985,Family Partnership,2013
986,Individual/Sole Trader,2000
987,Individual/Sole Trader,2010
988,Australian Private Company,2000
989,Individual/Sole Trader,2000
990,Australian Private Company,2011
991,Australian Private Company,2006
992,Individual/Sole Trader,2015
993,Individual/Sole Trader,2015
994,Australian Private Company,2012
995,Australian Private Company,2013
996,Australian Private Company,2013
997,Australian Private Company,2014
998,Individual/Sole Trader,2001
999,Individual/Sole Trader,2016
1000,Individual/Sole Trader,2016
1001,Australian Private Company,2015
1002,Australian Private Company,2016
1003,Individual/Sole Trader,2002
1004,Australian Private Company,2000
1005,Australian Private Company,2000
1006,Australian Private Company,2003
1007,Australian Private Company,2007
1008,Australian Private Company,2010
1009,Individual/Sole Trader,2011
1010,Individual/Sole Trader,2009
1011,Australian Private Company,2015
1012,Australian Private Company,2016
1013,Australian Private Company,2016
1014,Australian Private Company,2017
1015,Australian Private Company,2003
1016,Australian Private Company,2005
1017,Australian Private Company,2005
1018,Australian Private Company,2007
1019,Individual/Sole Trader,2001
1020,Australian Private Company,2014
1021,Australian Private Company,2003
1022,Australian Private Company,2003
1023,Australian Private Company,2008
1024,Australian Private Company,2010
1025,Australian Private Company,2014
1026,Individual/Sole Trader,2013
1027,Individual/Sole Trader,2004
1028,Australian Private Company,2014
1029,Australian Private Company,2014
1030,Australian Private Company,2015
1031,Australian Private Company,2016
1032,Family Partnership,2004
1033,Individual/Sole Trader,2017
1034,Australian Private Company,2018
1035,Australian Private Company,2000
1036,Australian Private Company,2003
1037,Australian Private Company,2018
1038,Individual/Sole Trader,2004
1039,Australian Private Company,2008
1040,Australian Private Company,2010
1041,Individual/Sole Trader,2013
1042,Individual/Sole Trader,2008
1043,Individual/Sole Trader,2005
1044,Australian Private Company,2016
1045,Australian Private Company,2017
1046,Individual/Sole Trader,2004
1047,Family Partnership,2010
1048,Australian Private Company,2000
1049,Australian Private Company,2008
1050,Australian Private Company,2008
1051,Australian Private Company,2011
1052,Individual/Sole Trader,2017
1053,Individual/Sole Trader,2014
1054,Individual/Sole Trader,2002
1055,Individual/Sole Trader,2012
1056,Other Partnership,2000
1057,Individual/Sole Trader,2000
1058,Australian Private Company,2004
1059,Individual/Sole Trader,2017
1060,Australian Private Company,2013
1061,Individual/Sole Trader,2016
1062,Individual/Sole Trader,2016
1063,Individual/Sole Trader,2013
1064,Australian Private Company,2015
1065,Australian Private Company,2000
1066,Australian Private Company,2004
1067,Australian Private Company,2000
1068,Australian Private Company,2001
1069,Australian Private Company,2010
1070,Individual/Sole Trader,2007
1071,Australian Private Company,2007
1072,Australian Private Company,2010
1073,Australian Private Company,2011
1074,Individual/Sole Trader,2012
1075,Individual/Sole Trader,2001
1076,Discretionary Trading Trust,2013
1077,Australian Private Company,2016
1078,Individual/Sole Trader,1999
1079,Australian Private Company,2000
1080,Australian Private Company,2005
1081,Australian Private Company,2010
1082,Australian Private Company,2011
1083,Individual/Sole Trader,2005
1084,Individual/Sole Trader,2005
1085,Individual/Sole Trader,2010
1086,Individual/Sole Trader,2000
1087,Australian Private Company,2000
1088,Individual/Sole Trader,2000
1089,Australian Private Company,1999
1090,Australian Private Company,2015
1091,Australian Private Company,2004
1092,Australian Private Company,2005
1093,Australian Private Company,2010
1094,Australian Private Company,2011
1095,Other Partnership,2011
1096,Individual/Sole Trader,2000
1097,Individual/Sole Trader,2006
1098,Individual/Sole Trader,2017
1099,Australian Private Company,2014
1100,Australian Private Company,2015
1101,Australian Private Company,2015
1102,Family Partnership,2000
1103,Individual/Sole Trader,2006
1104,Family Partnership,2017
1105,Australian Private Company,2000
1106,Australian Private Company,2000
1107,Australian Private Company,2001
1108,Australian Private Company,2010
1109,Australian Private Company,2011
1110,Individual/Sole Trader,2010
1111,Australian Private Company,2016
1112,Australian Private Company,2017
1113,Individual/Sole Trader,2013
1114,Individual/Sole Trader,2009
1115,Australian Private Company,1999
1116,Australian Private Company,2005
1117,Individual/Sole Trader,2009
1118,Individual/Sole Trader,2009
1119,Australian Private Company,2012
1120,Australian Private Company,2013
1121,Individual/Sole Trader,2011
1122,Individual/Sole Trader,2011
1123,Individual/Sole Trader,2007
1124,Australian Private Company,2015
1125,Individual/Sole Trader,2008
1126,Australian Private Company,2005
1127,Individual/Sole Trader,2015
1128,Australian Private Company,2008
1129,Australian Private Company,2009
1130,Australian Private Company,2010
1131,Australian Private Company,2013
1132,Individual/Sole Trader,2006
1133,Individual/Sole Trader,2001
1134,Australian Private Company,2015
1135,Australian Private Company,2015
1136,Individual/Sole Trader,2011
1137,Australian Private Company,2000
1138,Individual/Sole Trader,2017
1139,Individual/Sole Trader,2014
1140,Australian Private Company,2017
1141,Australian Private Company,2010
1142,Individual/Sole Trader,2000
1143,Individual/Sole Trader,2017
1144,Individual/Sole Trader,2009
1145,Individual/Sole Trader,2010
1146,Individual/Sole Trader,2014
1147,Individual/Sole Trader,2013
1148,Australian Private Company,2014
1149,Individual/Sole Trader,2013
1150,Individual/Sole Trader,2000
1151,Individual/Sole Trader,2012
1152,Australian Private Company,2017
1153,Individual/Sole Trader,2009
1154,Australian Private Company,2001
1155,Australian Private Company,2016
1156,Individual/Sole Trader,2012
1157,Individual/Sole Trader,2002
1158,Australian Private Company,2000
1159,Australian Private Company,2013
1160,Individual/Sole Trader,2011
1161,Australian Private Company,2004
1162,Australian Private Company,2012
1163,Australian Private Company,2015
1164,Australian Private Company,2008
1165,Individual/Sole Trader,2012
1166,Individual/Sole Trader,2014
1167,Australian Private Company,2014
1168,Individual/Sole Trader,2000
1169,Family Partnership,2000
1170,Individual/Sole Trader,2013
1171,Australian Private Company,2013
1172,Australian Private Company,2013
1173,Individual/Sole Trader,2007
1174,Australian Private Company,2014
1175,Individual/Sole Trader,2010
1176,Individual/Sole Trader,2013
1177,Australian Private Company,2016
1178,Individual/Sole Trader,2016
1179,Australian Private Company,2000
1180,Individual/Sole Trader,2015
1181,Australian Private Company,2014
1182,Individual/Sole Trader,2017
1183,Individual/Sole Trader,2001
1184,Australian Private Company,2016
1185,Australian Private Company,2017
1186,Australian Private Company,2012
1187,Australian Private Company,2014
1188,Australian Private Company,2004
1189,Australian Private Company,2013
1190,Australian Private Company,2014
1191,Australian Private Company,2010
1192,Australian Private Company,2008
1193,Australian Private Company,2013
1194,Australian Private Company,2011
1195,Discretionary Investment Trust,2015
1196,Australian Private Company,2014
1197,Australian Private Company,2012
1198,Individual/Sole Trader,2018
1199,Australian Private Company,2016
1200,Individual/Sole Trader,2012
1201,Australian Private Company,2015
1202,Australian Private Company,2017
1203,Individual/Sole Trader,2018
1204,Australian Private Company,2010
1205,Australian Private Company,2003
1206,Australian Private Company,2006
1207,Australian Private Company,2000
1208,Australian Private Company,2003
1209,Individual/Sole Trader,2011
1210,Australian Private Company,2016
1211,Australian Private Company,1999
1212,Individual/Sole Trader,2016
1213,Australian Private Company,2016
1214,Individual/Sole Trader,2012
1215,Individual/Sole Trader,2000
1216,Individual/Sole Trader,2000
1217,Australian Private Company,2000
1218,Australian Private Company,2009
1219,Fixed Unit Trust,2013
1220,Fixed Unit Trust,2010
1221,Australian Private Company,2000
1222,Discretionary Trading Trust,2007
1223,Australian Private Company,2015
1224,Australian Private Company,2006
1225,Discretionary Trading Trust,2016
1226,Australian Private Company,2000
1227,Australian Private Company,2000
1228,Australian Private Company,2017
1229,Individual/Sole Trader,2013
1230,Australian Private Company,2017
1231,Australian Private Company,2017
1232,Individual/Sole Trader,2012
1233,Australian Private Company,2013
1234,Australian Private Company,2008
1235,Australian Private Company,2014
1236,Australian Private Company,2013
1237,Individual/Sole Trader,2018
1238,Individual/Sole Trader,2015
1239,Individual/Sole Trader,2017
1240,Australian Private Company,2008
1241,Australian Private Company,2016
1242,Individual/Sole Trader,2011
1243,Individual/Sole Trader,2015
1244,Australian Private Company,2017
1245,Family Partnership,2015
1246,Australian Private Company,2015
1247,Australian Private Company,2009
1248,Family Partnership,2015
1249,Australian Private Company,2008
1250,Australian Private Company,2000
1251,Australian Private Company,2014
1252,Australian Private Company,2014
1253,Australian Private Company,2000
1254,Australian Private Company,2011
1255,Discretionary Trading Trust,2012
1256,Individual/Sole Trader,2007
1257,Family Partnership,2017
1258,Individual/Sole Trader,2016
1259,Australian Private Company,2003
1260,Australian Private Company,2016
1261,Australian Private Company,2017
1262,Australian Private Company,2016
1263,Australian Private Company,2017
1264,Australian Private Company,2015
1265,Australian Private Company,2015
1266,Australian Private Company,2001
1267,Australian Private Company,2006
1268,Australian Private Company,2003
1269,Australian Private Company,2000
1270,Australian Private Company,2000
1271,Individual/Sole Trader,2000
1272,Australian Private Company,2000
1273,Individual/Sole Trader,2015
1274,Discretionary Trading Trust,2011
1275,Australian Private Company,2004
1276,Australian Private Company,2014
1277,Individual/Sole Trader,2004
1278,Fixed Unit Trust,2007
1279,Discretionary Trading Trust,2017
1280,Australian Private Company,2016
1281,Australian Private Company,2012
